{
  "emb_size": 384,
  "hidden_size": 1024,
  "num_layers": 2,
  "dropout": 0.23943820121865156,
  "lr": 0.004495903902336088,
  "weight_decay": 4.4376590827417e-06,
  "clip_norm": 0.7233225124512157,
  "scheduler_step_size": 9,
  "scheduler_gamma": 0.26917985212395
}