{
  "d_model": 256,
  "nhead": 4,
  "num_layers": 4,
  "dropout": 0.2847025452952106,
  "lr_scale": 0.954712224026576,
  "weight_decay": 3.6240125478015116e-05,
  "clip_norm": 0.6189907852165462,
  "eps": 1.456475162703281e-07,
  "beta1": 0.8300000000000001,
  "beta2": 0.927,
  "warmup_steps": 450
}