{
  "d_model": 512,
  "nhead": 8,
  "num_layers": 4,
  "dropout": 0.25610795971322536,
  "lr_scale": 1.824893450655828,
  "weight_decay": 6.0188076806651636e-05,
  "clip_norm": 0.6353425290405034,
  "eps": 6.8464850827374e-07,
  "beta1": 0.9,
  "beta2": 0.9470000000000001,
  "warmup_steps": 750
}