{
  "d_model": 256,
  "nhead": 4,
  "num_layers": 3,
  "dropout": 0.1469206847411699,
  "lr_scale": 1.365026888183197,
  "weight_decay": 3.727397805937786e-05,
  "clip_norm": 0.44257122525957776,
  "eps": 1.1046767732090578e-09,
  "beta1": 0.9400000000000001,
  "beta2": 0.93,
  "warmup_steps": 550
}