{
  "d_model": 512,
  "nhead": 4,
  "num_layers": 3,
  "dropout": 0.10445235401849425,
  "lr_scale": 0.8134554740965128,
  "weight_decay": 1.143446092208618e-05,
  "clip_norm": 0.8065003979365885,
  "eps": 7.86090649812141e-09,
  "beta1": 0.8600000000000001,
  "beta2": 0.9480000000000001,
  "warmup_steps": 600
}