{
  "d_model": 384,
  "nhead": 8,
  "num_layers": 4,
  "dropout": 0.1749656675043193,
  "lr_scale": 1.674045066276371,
  "weight_decay": 5.641494733493779e-05,
  "clip_norm": 0.8422588526941315,
  "eps": 7.848821569390788e-07,
  "beta1": 0.91,
  "beta2": 0.934,
  "warmup_steps": 500
}